{"H": {"PBE": -3.3862, "PBE+": -3.4726, "SCAN": -3.4548, "SCAN+": -3.5389}, "Li": {"PBE": -1.9021, "PBE+": -1.7209999999999999, "SCAN": -2.3435, "SCAN+": -2.2884}, "Be": {"PBE": -3.7684, "PBE+": -3.5454, "SCAN": -4.3651, "SCAN+": -4.284}, "B": {"PBE": -6.7048, "PBE+": -6.6455, "SCAN": -7.4603, "SCAN+": -7.3141}, "C": {"PBE": -9.2283, "PBE+": -9.0345, "SCAN": -10.0959, "SCAN+": -9.8818}, "N": {"PBE": -8.326, "PBE+": -8.4464, "SCAN": -9.2835, "SCAN+": -9.6241}, "O": {"PBE": -4.9423, "PBE+": -4.5714, "SCAN": -6.1543, "SCAN+": -6.1684}, "F": {"PBE": -1.8092, "PBE+": -1.4916, "SCAN": -3.4497, "SCAN+": -3.5213}, "Na": {"PBE": -1.2838, "PBE+": -1.122, "SCAN": -4.1637, "SCAN+": -4.1996}, "Mg": {"PBE": -1.5230000000000001, "PBE+": -1.2353, "SCAN": -4.9802, "SCAN+": -4.8717}, "Al": {"PBE": -3.7144, "PBE+": -3.5593, "SCAN": -7.7075, "SCAN+": -7.6703}, "Si": {"PBE": -5.4132, "PBE+": -5.4779, "SCAN": -9.9978, "SCAN+": -9.9819}, "P": {"PBE": -5.3728, "PBE+": -5.2475, "SCAN": -10.392000000000001, "SCAN+": -10.2218}, "S": {"PBE": -4.1344, "PBE+": -3.9026, "SCAN": -9.6384, "SCAN+": -9.5873}, "Cl": {"PBE": -1.7990000000000002, "PBE+": -1.5368, "SCAN": -7.8692, "SCAN+": -7.9098}, "K": {"PBE": -1.0556, "PBE+": -0.7419, "SCAN": -8.3339, "SCAN+": -8.1994}, "Ca": {"PBE": -1.9041, "PBE+": -1.6588, "SCAN": -9.6132, "SCAN+": -9.6312}, "Sc": {"PBE": -6.2095, "PBE+": -5.8185, "SCAN": -14.1421, "SCAN+": -14.0799}, "Ti": {"PBE": -7.7715, "PBE+": -7.736000000000001, "SCAN": -15.9648, "SCAN+": -16.0348}, "V": {"PBE": -8.9357, "PBE+": -8.9128, "SCAN": -17.3917, "SCAN+": -17.657}, "Cr": {"PBE": -9.4822, "PBE+": -9.4371, "SCAN": -18.3134, "SCAN+": -18.6177}, "Mn": {"PBE": -8.9861, "PBE+": -8.6584, "SCAN": -18.3635, "SCAN+": -18.3788}, "Fe": {"PBE": -8.2481, "PBE+": -8.0949, "SCAN": -18.0782, "SCAN+": -18.0536}, "Co": {"PBE": -7.0337, "PBE+": -6.8812, "SCAN": -17.2659, "SCAN+": -17.2014}, "Ni": {"PBE": -5.4724, "PBE+": -5.34, "SCAN": -16.1255, "SCAN+": -16.1454}, "Cu": {"PBE": -3.7134, "PBE+": -3.5343, "SCAN": -15.1198, "SCAN+": -14.9503}, "Zn": {"PBE": -1.1099, "PBE+": -0.9194, "SCAN": -13.49, "SCAN+": -13.3345}, "Ga": {"PBE": -2.9351, "PBE+": -2.5611, "SCAN": -16.3682, "SCAN+": -16.011}, "Ge": {"PBE": -4.4651, "PBE+": -4.4254, "SCAN": -19.0071, "SCAN+": -18.7937}, "As": {"PBE": -4.6899, "PBE+": -4.7376, "SCAN": -20.2111, "SCAN+": -20.2152}, "Se": {"PBE": -3.4832, "PBE+": -3.4266, "SCAN": -20.0638, "SCAN+": -20.0929}, "Br": {"PBE": -1.6414, "PBE+": -1.3819, "SCAN": -19.355, "SCAN+": -19.2694}, "Rb": {"PBE": -0.9491, "PBE+": -0.77, "SCAN": -20.7517, "SCAN+": -20.6913}, "Sr": {"PBE": -1.6337, "PBE+": -1.4882, "SCAN": -22.2737, "SCAN+": -22.4417}, "Y": {"PBE": -6.4126, "PBE+": -6.2324, "SCAN": -27.7855, "SCAN+": -28.0016}, "Zr": {"PBE": -8.5169, "PBE+": -8.4722, "SCAN": -30.6918, "SCAN+": -30.8318}, "Nb": {"PBE": -10.1006, "PBE+": -9.9951, "SCAN": -33.1182, "SCAN+": -33.0271}, "Mo": {"PBE": -10.9641, "PBE+": -11.0039, "SCAN": -34.8958, "SCAN+": -34.8311}, "Tc": {"PBE": -10.3755, "PBE+": -10.9092, "SCAN": -35.0392, "SCAN+": -35.1166}, "Ru": {"PBE": -9.1457, "PBE+": -9.6062, "SCAN": -34.7907, "SCAN+": -35.1258}, "Rh": {"PBE": -7.2679, "PBE+": -7.6084, "SCAN": -33.8057, "SCAN+": -34.2264}, "Pd": {"PBE": -5.2237, "PBE+": -5.3549, "SCAN": -32.8113, "SCAN+": -32.938}, "Ag": {"PBE": -2.6891, "PBE+": -2.7974, "SCAN": -31.344, "SCAN+": -31.3392}, "Cd": {"PBE": -0.7519, "PBE+": -0.6637, "SCAN": -30.3901, "SCAN+": -30.3553}, "In": {"PBE": -2.5415, "PBE+": -2.3539, "SCAN": -33.2886, "SCAN+": -33.1914}, "Sn": {"PBE": -3.8113, "PBE+": -3.8089999999999997, "SCAN": -35.8466, "SCAN+": -35.6902}, "Sb": {"PBE": -4.1483, "PBE+": -4.1901, "SCAN": -37.2769, "SCAN+": -37.2308}, "Te": {"PBE": -3.1427, "PBE+": -3.0572, "SCAN": -37.2535, "SCAN+": -37.2199}, "I": {"PBE": -1.5219, "PBE+": -1.3975, "SCAN": -36.6956, "SCAN+": -36.6575}, "Cs": {"PBE": -0.8719, "PBE+": -0.6129, "SCAN": -37.8269, "SCAN+": -37.7148}, "Ba": {"PBE": -1.9044, "PBE+": -1.4308, "SCAN": -39.5354, "SCAN+": -39.3925}, "Hf": {"PBE": -9.9584, "PBE+": -9.4823, "SCAN": -62.7871, "SCAN+": -62.52}, "Ta": {"PBE": -11.8404, "PBE+": -11.792, "SCAN": -66.6356, "SCAN+": -66.5574}, "W": {"PBE": -13.03, "PBE+": -13.1639, "SCAN": -69.8947, "SCAN+": -69.7927}, "Os": {"PBE": -11.2778, "PBE+": -11.5785, "SCAN": -71.8618, "SCAN+": -71.7186}, "Ir": {"PBE": -8.8701, "PBE+": -9.3523, "SCAN": -71.3084, "SCAN+": -71.6126}, "Pt": {"PBE": -6.1273, "PBE+": -6.4935, "SCAN": -70.2852, "SCAN+": -70.7523}, "Au": {"PBE": -3.197, "PBE+": -3.4344, "SCAN": -69.1668, "SCAN+": -69.4684}, "Hg": {"PBE": -0.1816, "PBE+": -0.2777, "SCAN": -68.1176, "SCAN+": -68.0417}, "Tl": {"PBE": -2.222, "PBE+": -2.5433, "SCAN": -72.3107, "SCAN+": -72.486}, "Pb": {"PBE": -3.5907, "PBE+": -3.8622, "SCAN": -75.7522, "SCAN+": -75.9191}, "Bi": {"PBE": -3.8967, "PBE+": -4.2276, "SCAN": -78.53, "SCAN+": -78.5524}}