{"Li_S_V": {"S5V3": {"E": -1.0749647499999995, "amts": {"Li": 0, "S": 0.625, "V": 0.375}}, "S1V3": {"E": -0.6156632500000008, "amts": {"Li": 0, "S": 0.25, "V": 0.75}}, "S4V3": {"E": -1.1984922857142866, "amts": {"Li": 0, "S": 0.5714285714285714, "V": 0.42857142857142855}}, "S2V1": {"E": -0.9840995000000016, "amts": {"Li": 0, "S": 0.6666666666666666, "V": 0.3333333333333333}}, "S8V5": {"E": -1.1317215384615382, "amts": {"Li": 0, "S": 0.6153846153846154, "V": 0.38461538461538464}}, "S4V5": {"E": -1.0174966666666654, "amts": {"Li": 0, "S": 0.4444444444444444, "V": 0.5555555555555556}}, "S1V1": {"E": -1.1370567499999993, "amts": {"Li": 0, "S": 0.5, "V": 0.5}}, "S8V7": {"E": -1.2060161333333326, "amts": {"Li": 0, "S": 0.5333333333333333, "V": 0.4666666666666667}}, "S4V1": {"E": -0.5900756999999999, "amts": {"Li": 0, "S": 0.8, "V": 0.2}}, "Li2S5V2": {"E": -1.1008177111111115, "amts": {"Li": 0.2222222222222222, "S": 0.5555555555555556, "V": 0.2222222222222222}}, "Li1S2V1": {"E": -1.3407756750000015, "amts": {"Li": 0.25, "S": 0.5, "V": 0.25}}, "Li3S3V1": {"E": -1.3450960142857145, "amts": {"Li": 0.42857142857142855, "S": 0.42857142857142855, "V": 0.14285714285714285}}, "Li1S4V2": {"E": -1.1456658142857148, "amts": {"Li": 0.14285714285714285, "S": 0.5714285714285714, "V": 0.2857142857142857}}, "Li3S4V1": {"E": -1.2318617625000012, "amts": {"Li": 0.375, "S": 0.5, "V": 0.125}}, "Li3S8V4": {"E": -1.2244953399999985, "amts": {"Li": 0.2, "S": 0.5333333333333333, "V": 0.26666666666666666}}, "Li1S4": {"E": -0.23361704000000144, "amts": {"Li": 0.2, "S": 0.8, "V": 0}}, "Li2S1": {"E": -1.5177398, "amts": {"Li": 0.6666666666666666, "S": 0.3333333333333333, "V": 0}}, "Li2S6V3": {"E": -1.231593672727274, "amts": {"Li": 0.18181818181818182, "S": 0.5454545454545454, "V": 0.2727272727272727}}, "Li": {"E": 0, "amts": {"Li": 1.0, "S": 0, "V": 0}}, "S": {"E": 0, "amts": {"Li": 0, "S": 1.0, "V": 0}}, "V": {"E": 0, "amts": {"Li": 0, "S": 0, "V": 1.0}}}}